batter,first,second,third,outs,total_runs_inn,runs_up_to_batter,runs_after_batter,at_least_1_scored,base
Pederson,_,_,_,0,0,0,0,False,_ _ _
Demarse,_,_,_,1,0,0,0,False,_ _ _
Bosinger,1,_,_,1,0,0,0,False,1 _ _
Williams,1,_,_,2,0,0,0,False,1 _ _
Reynoso,_,_,_,0,0,0,0,False,_ _ _
Aguirre,_,_,_,1,0,0,0,False,_ _ _
Hassis,_,2,_,1,0,0,0,False,_ 2 _
Richards,1,2,_,1,0,0,0,False,1 2 _
Pancino,_,2,3,2,0,0,0,False,_ 2 3
Pederson,_,_,_,0,0,0,0,False,_ _ _
Demarse,_,_,_,1,0,0,0,False,_ _ _
Bosinger,_,_,_,2,0,0,0,False,_ _ _
Williams,_,_,_,0,0,0,0,False,_ _ _
Reynoso,_,_,_,1,0,0,0,False,_ _ _
Aguirre,_,_,_,2,0,0,0,False,_ _ _
Hassis,1,_,_,2,0,0,0,False,1 _ _
Richards,_,_,_,0,1,0,1,True,_ _ _
Pancino,_,2,_,0,1,0,1,True,_ 2 _
Pederson,_,_,3,1,1,0,1,True,_ _ 3
Demarse,_,2,_,1,1,1,0,False,_ 2 _
Bosinger,_,2,_,2,1,1,0,False,_ 2 _
Williams,_,_,_,0,3,0,3,True,_ _ _
Reynoso,_,_,_,1,3,0,3,True,_ _ _
Aguirre,1,_,_,1,3,0,3,True,1 _ _
Hassis,_,2,_,1,3,1,2,True,_ 2 _
Heathcock,_,2,_,2,3,1,2,True,_ 2 _
Hermosillo,1,_,_,2,3,2,1,True,1 _ _
Pederson,1,_,_,2,3,3,0,False,1 _ _
Pederson,_,_,_,0,1,0,1,True,_ _ _
Demarse,_,2,_,0,1,0,1,True,_ 2 _
Aguirre,_,_,3,1,1,0,1,True,_ _ 3
Heathcock,1,_,3,1,1,0,1,True,1 _ 3
Reynoso,_,_,_,0,0,0,0,False,_ _ _
Bosinger,_,_,_,1,0,0,0,False,_ _ _
Dobson,_,2,_,1,0,0,0,False,_ 2 _
Mulligan,1,2,_,1,0,0,0,False,1 2 _
Hassis,1,2,_,2,0,0,0,False,1 2 _
Pederson,_,_,_,0,1,0,1,True,_ _ _
Demarse,1,_,_,0,1,0,1,True,1 _ _
Aguirre,_,2,_,1,1,0,1,True,_ 2 _
Heathcock,1,_,_,1,1,1,0,False,1 _ _
Reynoso,1,_,_,2,1,1,0,False,1 _ _
Bosinger,_,_,_,0,0,0,0,False,_ _ _
Dobson,_,_,_,1,0,0,0,False,_ _ _
Mulligan,_,_,_,2,0,0,0,False,_ _ _
Williams,_,_,_,0,1,0,1,True,_ _ _
Pederson,1,_,_,0,1,0,1,True,1 _ _
Demarse,1,2,_,0,1,0,1,True,1 2 _
Aguirre,_,2,3,1,1,0,1,True,_ 2 3
Heathcock,_,_,3,2,1,1,0,False,_ _ 3
Bosinger,_,_,_,0,0,0,0,False,_ _ _
Dobson,_,_,_,1,0,0,0,False,_ _ _
Mulligan,_,_,_,0,1,0,1,True,_ _ _
Williams,_,_,_,1,1,0,1,True,_ _ _
Pederson,_,_,_,2,1,0,1,True,_ _ _
Demarse,_,_,3,2,1,0,1,True,_ _ 3
Pederson,_,_,_,0,0,0,0,False,_ _ _
Demarse,_,2,_,0,0,0,0,False,_ 2 _
Aguirre,_,_,3,1,0,0,0,False,_ _ 3
Heathcock,_,_,3,2,0,0,0,False,_ _ 3
Bosinger,_,_,_,0,0,0,0,False,_ _ _
Reynoso,_,_,_,1,0,0,0,False,_ _ _
Dobson,_,_,_,2,0,0,0,False,_ _ _
Hassis,_,_,_,0,0,0,0,False,_ _ _
Mulligan,_,_,_,1,0,0,0,False,_ _ _
Pederson,1,_,_,1,0,0,0,False,1 _ _
Demarse,1,_,_,2,0,0,0,False,1 _ _
Aguirre,_,_,_,0,0,0,0,False,_ _ _
Heathcock,1,_,_,0,0,0,0,False,1 _ _
Bosinger,_,2,_,1,0,0,0,False,_ 2 _
Reynoso,_,_,_,0,0,0,0,False,_ _ _
Dobson,_,_,_,1,0,0,0,False,_ _ _
Williams,_,_,_,2,0,0,0,False,_ _ _
Mulligan,_,_,_,0,0,0,0,False,_ _ _
Pederson,1,_,_,0,0,0,0,False,1 _ _
Demarse,1,2,_,0,0,0,0,False,1 2 _
Aguirre,_,2,3,1,0,0,0,False,_ 2 3
Heathcock,_,2,3,2,0,0,0,False,_ 2 3
Bosinger,_,_,_,0,0,0,0,False,_ _ _
Coberly,_,_,_,1,0,0,0,False,_ _ _
Dobson,_,_,_,2,0,0,0,False,_ _ _
Pederson,_,_,_,0,1,0,1,True,_ _ _
Demarse,_,_,_,0,1,1,0,False,_ _ _
Bosinger,_,_,_,1,1,1,0,False,_ _ _
Williams,_,2,_,1,1,1,0,False,_ 2 _
Aguirre,1,2,_,1,1,1,0,False,1 2 _
Richards,1,2,_,2,1,1,0,False,1 2 _
Mulligan,_,_,_,0,1,0,1,True,_ _ _
Pancino,1,_,_,0,1,0,1,True,1 _ _
Pederson,_,_,3,1,1,0,1,True,_ _ 3
Demarse,_,_,_,2,1,1,0,False,_ _ _
Bosinger,_,_,_,0,3,0,3,True,_ _ _
Williams,_,_,_,1,3,0,3,True,_ _ _
Aguirre,1,_,_,1,3,0,3,True,1 _ _
Richards,_,2,3,1,3,0,3,True,_ 2 3
Mulligan,_,_,_,1,3,3,0,False,_ _ _
Pancino,1,_,_,1,3,3,0,False,1 _ _
Pederson,1,2,_,1,3,3,0,False,1 2 _
Demarse,_,_,_,0,0,0,0,False,_ _ _
Bosinger,1,_,_,0,0,0,0,False,1 _ _
Williams,1,2,_,0,0,0,0,False,1 2 _
Aguirre,1,2,_,1,0,0,0,False,1 2 _
Heathcock,1,2,_,2,0,0,0,False,1 2 _
Richards,_,_,_,0,0,0,0,False,_ _ _
Mulligan,_,2,_,0,0,0,0,False,_ 2 _
Pancino,_,2,_,1,0,0,0,False,_ 2 _
Pederson,_,_,3,2,0,0,0,False,_ _ 3
Demarse,_,_,_,0,3,0,3,True,_ _ _
Bosinger,_,2,_,0,3,0,3,True,_ 2 _
Williams,1,_,_,0,3,1,2,True,1 _ _
Adams,1,_,3,0,3,1,2,True,1 _ 3
Pederson,_,_,_,0,0,0,0,False,_ _ _
Demarse,_,_,_,1,0,0,0,False,_ _ _
Bosinger,_,_,_,2,0,0,0,False,_ _ _
Williams,_,_,_,0,0,0,0,False,_ _ _
Aguirre,1,_,_,0,0,0,0,False,1 _ _
Mulligan,_,_,_,0,0,0,0,False,_ _ _
Richards,_,_,_,1,0,0,0,False,_ _ _
Pancino,_,_,_,2,0,0,0,False,_ _ _
Pederson,_,_,_,0,0,0,0,False,_ _ _
Demarse,_,_,_,1,0,0,0,False,_ _ _
Bosinger,_,_,_,2,0,0,0,False,_ _ _
Williams,1,_,_,2,0,0,0,False,1 _ _
Aguirre,_,_,_,0,0,0,0,False,_ _ _
Reynoso,_,_,_,1,0,0,0,False,_ _ _
Mulligan,1,_,_,1,0,0,0,False,1 _ _
Allen,1,_,_,2,0,0,0,False,1 _ _
Melendez,_,_,_,0,0,0,0,False,_ _ _
Pederson,_,_,_,1,0,0,0,False,_ _ _
Demarse,_,_,_,2,0,0,0,False,_ _ _
Eng,_,_,_,0,0,0,0,False,_ _ _
Erickson,_,_,_,1,0,0,0,False,_ _ _
Coberly,_,_,_,2,0,0,0,False,_ _ _
Pederson,_,_,_,0,0,0,0,False,_ _ _
Demarse,_,_,_,1,0,0,0,False,_ _ _
Bosinger,_,_,_,2,0,0,0,False,_ _ _
Williams,_,_,_,0,0,0,0,False,_ _ _
Reynoso,1,_,_,0,0,0,0,False,1 _ _
Aguirre,_,2,_,1,0,0,0,False,_ 2 _
Mulligan,_,_,3,2,0,0,0,False,_ _ 3
Richards,_,_,_,0,0,0,0,False,_ _ _
Hassis,_,_,_,1,0,0,0,False,_ _ _
Pederson,_,2,_,1,0,0,0,False,_ 2 _
Demarse,_,2,_,2,0,0,0,False,_ 2 _
Bosinger,_,_,_,0,0,0,0,False,_ _ _
Williams,1,_,_,0,0,0,0,False,1 _ _
Reynoso,_,2,_,1,0,0,0,False,_ 2 _
Aguirre,_,2,_,2,0,0,0,False,_ 2 _
Heathcock,1,2,_,2,0,0,0,False,1 2 _
Richards,_,_,_,0,2,0,2,True,_ _ _
Hassis,_,_,_,0,2,1,1,True,_ _ _
Pederson,1,_,_,0,2,1,1,True,1 _ _
Demarse,_,2,_,1,2,1,1,True,_ 2 _
Bosinger,_,2,_,1,2,2,0,False,_ 2 _
Williams,_,2,_,2,2,2,0,False,_ 2 _
Reynoso,_,_,_,0,0,0,0,False,_ _ _
Aguirre,_,_,_,1,0,0,0,False,_ _ _
Mulligan,_,2,_,1,0,0,0,False,_ 2 _
Richards,_,2,_,2,0,0,0,False,_ 2 _
Hassis,_,_,_,0,0,0,0,False,_ _ _
Pederson,1,_,_,0,0,0,0,False,1 _ _
Demarse,1,_,3,0,0,0,0,False,1 _ 3
Bosinger,_,2,3,1,0,0,0,False,_ 2 3
Williams,_,2,3,2,0,0,0,False,_ 2 3
Pederson,_,_,_,0,0,0,0,False,_ _ _
Demarse,_,_,_,1,0,0,0,False,_ _ _
Bosinger,_,_,_,2,0,0,0,False,_ _ _
Williams,_,_,_,0,1,0,1,True,_ _ _
Aguirre,_,_,_,1,1,0,1,True,_ _ _
Richards,_,_,_,2,1,0,1,True,_ _ _
Hassis,_,_,3,2,1,1,0,False,_ _ 3
Pancino,_,_,_,0,0,0,0,False,_ _ _
Pederson,_,_,_,1,0,0,0,False,_ _ _
Demarse,_,_,_,2,0,0,0,False,_ _ _
Bosinger,1,_,_,2,0,0,0,False,1 _ _
Williams,_,_,_,0,0,0,0,False,_ _ _
Aguirre,_,_,_,1,0,0,0,False,_ _ _
Richards,_,_,_,0,0,0,0,False,_ _ _
Hassis,_,_,_,1,0,0,0,False,_ _ _
Heathcock,1,_,_,1,0,0,0,False,1 _ _
Pederson,1,_,_,2,0,0,0,False,1 _ _
Demarse,1,2,_,2,0,0,0,False,1 2 _
Bosinger,_,_,_,0,0,0,0,False,_ _ _
Williams,_,_,_,1,0,0,0,False,_ _ _
Aguirre,_,_,3,1,0,0,0,False,_ _ 3
Richards,_,_,_,0,0,0,0,False,_ _ _
Hassis,_,_,_,1,0,0,0,False,_ _ _
Melendez,1,_,_,1,0,0,0,False,1 _ _
Pederson,1,_,_,2,0,0,0,False,1 _ _
Demarse,_,2,3,2,0,0,0,False,_ 2 3
Pederson,_,_,_,0,0,0,0,False,_ _ _
Aguirre,1,_,_,0,0,0,0,False,1 _ _
Bosinger,_,_,3,1,0,0,0,False,_ _ 3
Williams,_,_,3,2,0,0,0,False,_ _ 3
Hassis,_,_,_,0,3,0,3,True,_ _ _
Reynoso,1,_,_,0,3,0,3,True,1 _ _
Richards,1,2,_,0,3,0,3,True,1 2 _
Demarse,_,_,3,1,3,1,2,True,_ _ 3
Mulligan,_,_,3,2,3,1,2,True,_ _ 3
Pederson,1,_,3,2,3,1,2,True,1 _ 3
Aguirre,_,_,3,2,3,3,0,False,_ _ 3
Bosinger,_,_,_,0,1,0,1,True,_ _ _
Williams,_,2,_,0,1,0,1,True,_ 2 _
Hassis,1,2,_,0,1,0,1,True,1 2 _
Reynoso,1,_,3,1,1,0,1,True,1 _ 3
Richards,1,2,_,1,1,1,0,False,1 2 _
Demarse,_,_,_,0,0,0,0,False,_ _ _
Dobson,_,_,_,1,0,0,0,False,_ _ _
Pederson,1,_,_,1,0,0,0,False,1 _ _
Aguirre,1,2,_,1,0,0,0,False,1 2 _
Bosinger,1,2,_,2,0,0,0,False,1 2 _
Williams,_,_,_,0,0,0,0,False,_ _ _
Hassis,_,_,_,1,0,0,0,False,_ _ _
Reynoso,_,2,_,1,0,0,0,False,_ 2 _
Richards,_,2,_,2,0,0,0,False,_ 2 _
Demarse,_,_,_,0,1,0,1,True,_ _ _
Dobson,_,_,_,1,1,0,1,True,_ _ _
Pederson,_,_,_,2,1,0,1,True,_ _ _
Aguirre,_,2,_,2,1,0,1,True,_ 2 _
Bosinger,_,2,_,2,1,1,0,False,_ 2 _
Williams,1,2,_,2,1,1,0,False,1 2 _
Hassis,_,_,_,0,0,0,0,False,_ _ _
Reynoso,1,_,_,0,0,0,0,False,1 _ _
Richards,1,2,_,0,0,0,0,False,1 2 _
Heathcock,1,2,_,1,0,0,0,False,1 2 _
Dobson,1,2,_,2,0,0,0,False,1 2 _
Pederson,_,_,_,0,0,0,0,False,_ _ _
Aguirre,_,2,_,0,0,0,0,False,_ 2 _
Bosinger,_,2,3,0,0,0,0,False,_ 2 3
Williams,_,2,3,1,0,0,0,False,_ 2 3
Dobson,_,2,3,2,0,0,0,False,_ 2 3
Hassis,_,_,_,0,4,0,4,True,_ _ _
Richards,1,_,_,0,4,0,4,True,1 _ _
Demarse,1,2,_,0,4,0,4,True,1 2 _
Reynoso,_,2,3,1,4,0,4,True,_ 2 3
Pederson,_,2,_,1,4,2,2,True,_ 2 _
Aguirre,_,_,3,2,4,2,2,True,_ _ 3
Bosinger,1,_,_,2,4,3,1,True,1 _ _
Williams,1,2,_,2,4,3,1,True,1 2 _
Dobson,1,2,_,2,4,4,0,False,1 2 _
Hassis,_,_,_,0,0,0,0,False,_ _ _
Richards,1,_,_,0,0,0,0,False,1 _ _
Demarse,1,_,_,1,0,0,0,False,1 _ _
Reynoso,_,_,_,0,0,0,0,False,_ _ _
Pederson,1,_,_,0,0,0,0,False,1 _ _
Aguirre,_,_,3,1,0,0,0,False,_ _ 3
Bosinger,_,_,3,2,0,0,0,False,_ _ 3
Williams,_,_,_,0,3,0,3,True,_ _ _
Dobson,_,_,_,1,3,0,3,True,_ _ _
Hassis,_,_,_,2,3,0,3,True,_ _ _
Richards,1,_,_,2,3,0,3,True,1 _ _
Erickson,_,_,3,2,3,1,2,True,_ _ 3
Reynoso,_,_,3,2,3,2,1,True,_ _ 3
Pederson,1,_,_,2,3,3,0,False,1 _ _
Aguirre,_,_,_,0,0,0,0,False,_ _ _
Allen,_,_,_,1,0,0,0,False,_ _ _
Williams,1,_,_,1,0,0,0,False,1 _ _
Dobson,1,2,_,1,0,0,0,False,1 2 _
Hassis,1,_,3,2,0,0,0,False,1 _ 3
Pederson,_,_,_,0,2,0,2,True,_ _ _
Aguirre,1,_,_,0,2,0,2,True,1 _ _
Bosinger,_,2,_,1,2,0,2,True,_ 2 _
Williams,_,2,_,1,2,1,1,True,_ 2 _
Dobson,_,2,_,2,2,1,1,True,_ 2 _
Hassis,1,_,3,2,2,1,1,True,1 _ 3
Richards,_,2,3,2,2,2,0,False,_ 2 3
Demarse,_,_,_,0,0,0,0,False,_ _ _
Reynoso,_,_,_,1,0,0,0,False,_ _ _
Pederson,1,_,_,1,0,0,0,False,1 _ _
Aguirre,1,2,_,1,0,0,0,False,1 2 _
Bosinger,1,2,3,1,0,0,0,False,1 2 3
Williams,1,2,3,2,0,0,0,False,1 2 3
Dobson,_,_,_,0,0,0,0,False,_ _ _
Hassis,_,_,_,1,0,0,0,False,_ _ _
Richards,1,_,_,1,0,0,0,False,1 _ _
Demarse,1,_,_,2,0,0,0,False,1 _ _
Reynoso,1,2,_,2,0,0,0,False,1 2 _
Pederson,1,2,3,2,0,0,0,False,1 2 3
Aguirre,_,_,_,0,3,0,3,True,_ _ _
Bosinger,_,2,_,0,3,0,3,True,_ 2 _
Williams,_,2,_,1,3,0,3,True,_ 2 _
Dobson,_,2,_,1,3,1,2,True,_ 2 _
Hassis,1,2,_,1,3,1,2,True,1 2 _
Richards,1,2,3,1,3,1,2,True,1 2 3
Allen,1,2,3,2,3,1,2,True,1 2 3
Reynoso,1,_,3,2,3,3,0,False,1 _ 3
Pederson,_,_,_,0,1,0,1,True,_ _ _
Aguirre,_,2,_,0,1,0,1,True,_ 2 _
Bosinger,_,2,_,1,1,0,1,True,_ 2 _
Williams,_,2,_,2,1,0,1,True,_ 2 _
Dobson,1,_,_,2,1,1,0,False,1 _ _
Hassis,_,_,_,0,0,0,0,False,_ _ _
Erickson,_,_,_,1,0,0,0,False,_ _ _
Demarse,1,_,_,1,0,0,0,False,1 _ _
Reynoso,1,2,_,1,0,0,0,False,1 2 _
Pederson,1,2,_,2,0,0,0,False,1 2 _
Aguirre,_,_,_,0,0,0,0,False,_ _ _
Bosinger,_,_,_,1,0,0,0,False,_ _ _
Williams,1,_,_,1,0,0,0,False,1 _ _
Dobson,1,2,_,1,0,0,0,False,1 2 _
Hassis,1,2,3,1,0,0,0,False,1 2 3
Erickson,1,2,3,2,0,0,0,False,1 2 3
Pederson,_,_,_,0,1,0,1,True,_ _ _
Aguirre,_,2,_,0,1,0,1,True,_ 2 _
Bosinger,_,_,3,1,1,0,1,True,_ _ 3
Williams,1,_,_,1,1,1,0,False,1 _ _
Hassis,1,_,_,2,1,1,0,False,1 _ _
Richards,1,2,_,2,1,1,0,False,1 2 _
Mulligan,_,_,_,0,0,0,0,False,_ _ _
Demarse,_,_,_,1,0,0,0,False,_ _ _
Reynoso,_,_,_,2,0,0,0,False,_ _ _
Pederson,1,_,_,2,0,0,0,False,1 _ _
Aguirre,_,_,_,0,0,0,0,False,_ _ _
Bosinger,_,_,_,1,0,0,0,False,_ _ _
Williams,_,2,_,1,0,0,0,False,_ 2 _
Hassis,1,2,_,1,0,0,0,False,1 2 _
Richards,_,2,3,2,0,0,0,False,_ 2 3
Mulligan,_,_,_,0,0,0,0,False,_ _ _
Demarse,_,_,_,1,0,0,0,False,_ _ _
Reynoso,1,_,_,1,0,0,0,False,1 _ _
Pederson,1,2,_,1,0,0,0,False,1 2 _
Aguirre,1,2,_,2,0,0,0,False,1 2 _
Bosinger,_,_,_,0,0,0,0,False,_ _ _
Williams,_,_,_,1,0,0,0,False,_ _ _
Hassis,1,_,_,1,0,0,0,False,1 _ _
Richards,1,_,_,2,0,0,0,False,1 _ _
Dobson,1,2,_,2,0,0,0,False,1 2 _
Demarse,_,_,_,0,1,0,1,True,_ _ _
Reynoso,_,_,_,1,1,0,1,True,_ _ _
Pederson,_,_,_,2,1,0,1,True,_ _ _
Aguirre,1,_,_,2,1,0,1,True,1 _ _
Bosinger,1,2,_,2,1,0,1,True,1 2 _
Williams,1,2,_,2,1,1,0,False,1 2 _
Hassis,_,_,_,0,0,0,0,False,_ _ _
Richards,1,_,_,0,0,0,0,False,1 _ _
Adams,_,2,_,1,0,0,0,False,_ 2 _
Demarse,1,_,3,1,0,0,0,False,1 _ 3
Reynoso,1,2,3,1,0,0,0,False,1 2 3
Pederson,_,_,_,0,2,0,2,True,_ _ _
Aguirre,_,_,_,1,2,0,2,True,_ _ _
Bosinger,_,_,_,2,2,0,2,True,_ _ _
Williams,1,_,_,2,2,0,2,True,1 _ _
Hassis,_,_,_,2,2,2,0,False,_ _ _
Reynoso,_,_,_,0,2,0,2,True,_ _ _
Demarse,_,2,_,0,2,0,2,True,_ 2 _
Mulligan,_,2,_,1,2,0,2,True,_ 2 _
Pancino,1,2,_,1,2,0,2,True,1 2 _
Pederson,1,2,3,1,2,0,2,True,1 2 3
Aguirre,1,2,_,2,2,1,1,True,1 2 _
Bosinger,1,2,_,2,2,2,0,False,1 2 _
Williams,_,_,_,0,0,0,0,False,_ _ _
Hassis,_,_,_,1,0,0,0,False,_ _ _
Reynoso,_,_,_,2,0,0,0,False,_ _ _
Demarse,1,_,_,2,0,0,0,False,1 _ _
Mulligan,_,_,_,0,0,0,0,False,_ _ _
Pancino,_,_,_,1,0,0,0,False,_ _ _
Pederson,_,2,_,1,0,0,0,False,_ 2 _
Aguirre,_,_,3,2,0,0,0,False,_ _ 3
Bosinger,1,_,3,2,0,0,0,False,1 _ 3
Williams,1,2,3,2,0,0,0,False,1 2 3
Hassis,_,_,_,0,0,0,0,False,_ _ _
Reynoso,_,_,_,1,0,0,0,False,_ _ _
Dobson,_,_,_,2,0,0,0,False,_ _ _
Mulligan,1,_,_,2,0,0,0,False,1 _ _
Melendez,_,_,_,0,0,0,0,False,_ _ _
Pederson,1,_,3,0,0,0,0,False,1 _ 3
Aguirre,1,2,_,1,0,0,0,False,1 2 _
Bosinger,1,_,3,2,0,0,0,False,1 _ 3
Williams,1,_,3,2,0,0,0,False,1 _ 3
Hassis,_,_,_,0,0,0,0,False,_ _ _
Reynoso,1,_,_,0,0,0,0,False,1 _ _
Demarse,1,_,_,1,0,0,0,False,1 _ _
Mulligan,1,2,_,1,0,0,0,False,1 2 _
Adams,1,2,_,2,0,0,0,False,1 2 _
Erickson,_,_,3,0,2,0,2,True,_ _ 3
Pederson,_,_,3,0,2,0,2,True,_ _ 3
Aguirre,_,_,3,1,2,0,2,True,_ _ 3
Bosinger,_,2,_,1,2,1,1,True,_ 2 _
Williams,1,2,_,1,2,1,1,True,1 2 _
Hassis,1,2,_,2,2,1,1,True,1 2 _
Pederson,_,_,_,0,0,0,0,False,_ _ _
Aguirre,_,_,_,1,0,0,0,False,_ _ _
Bosinger,_,_,_,2,0,0,0,False,_ _ _
Dobson,_,_,_,0,0,0,0,False,_ _ _
Hassis,_,_,_,1,0,0,0,False,_ _ _
Mulligan,_,_,_,2,0,0,0,False,_ _ _
Demarse,_,_,_,0,0,0,0,False,_ _ _
Coberly,1,_,_,0,0,0,0,False,1 _ _
Pancino,1,_,_,1,0,0,0,False,1 _ _
Pederson,1,_,_,2,0,0,0,False,1 _ _
Aguirre,1,2,_,2,0,0,0,False,1 2 _
Bosinger,1,2,3,2,0,0,0,False,1 2 3
Dobson,_,_,_,0,0,0,0,False,_ _ _
Hassis,_,_,_,1,0,0,0,False,_ _ _
Mulligan,_,_,_,2,0,0,0,False,_ _ _
Demarse,_,_,_,0,0,0,0,False,_ _ _
Coberly,1,_,_,0,0,0,0,False,1 _ _
Pancino,1,_,_,1,0,0,0,False,1 _ _
Pederson,_,_,3,2,0,0,0,False,_ _ 3
Aguirre,1,_,3,2,0,0,0,False,1 _ 3
Bosinger,_,_,_,0,0,0,0,False,_ _ _
Dobson,1,_,_,0,0,0,0,False,1 _ _
Hassis,_,2,_,1,0,0,0,False,_ 2 _
Mulligan,_,2,_,2,0,0,0,False,_ 2 _
Demarse,_,_,_,0,0,0,0,False,_ _ _
Richards,1,_,_,0,0,0,0,False,1 _ _
Heathcock,1,_,_,1,0,0,0,False,1 _ _
Allen,1,2,_,1,0,0,0,False,1 2 _
Aguirre,1,2,_,2,0,0,0,False,1 2 _
Pederson,_,_,_,0,1,0,1,True,_ _ _
Aguirre,1,_,_,0,1,0,1,True,1 _ _
Bosinger,_,_,3,1,1,0,1,True,_ _ 3
Dobson,_,_,_,2,1,1,0,False,_ _ _
Williams,_,_,_,0,0,0,0,False,_ _ _
Hassis,1,_,_,0,0,0,0,False,1 _ _
Mulligan,1,_,_,1,0,0,0,False,1 _ _
Demarse,1,_,_,2,0,0,0,False,1 _ _
Coberly,_,_,_,0,0,0,0,False,_ _ _
Pederson,_,_,_,1,0,0,0,False,_ _ _
Aguirre,_,_,_,2,0,0,0,False,_ _ _
Bosinger,_,_,_,0,3,0,3,True,_ _ _
Dobson,1,_,_,0,3,0,3,True,1 _ _
Williams,1,_,_,1,3,0,3,True,1 _ _
Hassis,_,2,3,1,3,0,3,True,_ 2 3
Mulligan,_,2,3,1,3,1,2,True,_ 2 3
Demarse,1,2,3,1,3,1,2,True,1 2 3
Coberly,1,2,3,1,3,2,1,True,1 2 3
Pederson,1,_,3,2,3,3,0,False,1 _ 3
Aguirre,_,_,_,0,1,0,1,True,_ _ _
Bosinger,_,_,_,1,1,0,1,True,_ _ _
Dobson,1,_,_,1,1,0,1,True,1 _ _
Williams,1,_,_,2,1,0,1,True,1 _ _
Hassis,_,2,_,2,1,1,0,False,_ 2 _
Mulligan,_,_,_,0,0,0,0,False,_ _ _
Demarse,1,_,_,0,0,0,0,False,1 _ _
Coberly,1,_,_,1,0,0,0,False,1 _ _
Pederson,_,_,_,0,0,0,0,False,_ _ _
Aguirre,_,_,_,1,0,0,0,False,_ _ _
Bosinger,_,_,_,2,0,0,0,False,_ _ _
Heathcock,1,_,_,2,0,0,0,False,1 _ _
Pederson,_,_,_,0,0,0,0,False,_ _ _
Aguirre,_,_,_,1,0,0,0,False,_ _ _
Bosinger,_,_,_,2,0,0,0,False,_ _ _
Williams,_,_,_,0,0,0,0,False,_ _ _
Hassis,_,_,_,1,0,0,0,False,_ _ _
Mulligan,_,_,_,2,0,0,0,False,_ _ _
Demarse,1,_,_,2,0,0,0,False,1 _ _
Coberly,1,_,3,2,0,0,0,False,1 _ 3
Pancino,_,_,_,0,0,0,0,False,_ _ _
Pederson,1,_,_,0,0,0,0,False,1 _ _
Aguirre,1,2,_,0,0,0,0,False,1 2 _
Bosinger,1,2,_,1,0,0,0,False,1 2 _
Williams,1,2,_,2,0,0,0,False,1 2 _
Hassis,_,_,_,0,0,0,0,False,_ _ _
Mulligan,1,_,_,0,0,0,0,False,1 _ _
Demarse,1,_,_,1,0,0,0,False,1 _ _
Coberly,1,_,_,2,0,0,0,False,1 _ _
Pancino,_,_,_,0,1,0,1,True,_ _ _
Pederson,_,_,_,1,1,0,1,True,_ _ _
Aguirre,1,_,_,1,1,0,1,True,1 _ _
Bosinger,1,_,_,2,1,0,1,True,1 _ _
Heathcock,1,2,_,2,1,0,1,True,1 2 _
Hassis,_,2,3,2,1,1,0,False,_ 2 3
Dobson,_,_,_,0,0,0,0,False,_ _ _
Demarse,1,_,_,0,0,0,0,False,1 _ _
Reynoso,1,_,_,1,0,0,0,False,1 _ _
Pancino,1,2,3,1,0,0,0,False,1 2 3
Pederson,1,2,3,2,0,0,0,False,1 2 3
Aguirre,_,_,_,0,0,0,0,False,_ _ _
Bosinger,_,_,_,1,0,0,0,False,_ _ _
Heathcock,_,_,_,2,0,0,0,False,_ _ _
Pederson,_,_,_,0,1,0,1,True,_ _ _
Aguirre,1,_,_,0,1,0,1,True,1 _ _
Bosinger,_,2,3,0,1,0,1,True,_ 2 3
Reynoso,_,2,3,1,1,0,1,True,_ 2 3
Demarse,1,2,3,1,1,0,1,True,1 2 3
Mulligan,1,2,3,2,1,0,1,True,1 2 3
Richards,_,_,_,0,0,0,0,False,_ _ _
Hassis,_,_,_,1,0,0,0,False,_ _ _
Pancino,_,_,_,2,0,0,0,False,_ _ _
Pederson,1,_,_,2,0,0,0,False,1 _ _
Aguirre,_,_,_,0,1,0,1,True,_ _ _
Bosinger,1,_,_,0,1,0,1,True,1 _ _
Reynoso,1,2,_,0,1,0,1,True,1 2 _
Demarse,1,2,_,1,1,0,1,True,1 2 _
Mulligan,1,2,_,2,1,0,1,True,1 2 _
Richards,1,2,3,2,1,0,1,True,1 2 3
Hassis,1,2,3,2,1,1,0,False,1 2 3
Pancino,_,_,_,0,0,0,0,False,_ _ _
Pederson,_,_,_,1,0,0,0,False,_ _ _
Aguirre,_,_,_,2,0,0,0,False,_ _ _
Bosinger,_,2,_,2,0,0,0,False,_ 2 _
Erickson,_,_,_,0,0,0,0,False,_ _ _
Heathcock,_,_,_,1,0,0,0,False,_ _ _
Melendez,_,_,_,2,0,0,0,False,_ _ _
Pederson,_,_,_,0,0,0,0,False,_ _ _
Aguirre,_,_,_,1,0,0,0,False,_ _ _
Bosinger,_,_,_,2,0,0,0,False,_ _ _
Dobson,_,_,_,0,0,0,0,False,_ _ _
Hassis,_,_,_,1,0,0,0,False,_ _ _
Reynoso,_,_,_,2,0,0,0,False,_ _ _
Mulligan,_,_,_,0,0,0,0,False,_ _ _
Melendez,1,_,_,0,0,0,0,False,1 _ _
Pancino,1,_,_,1,0,0,0,False,1 _ _
Pederson,_,_,3,2,0,0,0,False,_ _ 3
Aguirre,_,2,3,2,0,0,0,False,_ 2 3
Bosinger,_,_,_,0,0,0,0,False,_ _ _
Dobson,1,_,_,0,0,0,0,False,1 _ _
Hassis,1,2,_,0,0,0,0,False,1 2 _
Reynoso,_,2,3,1,0,0,0,False,_ 2 3
Mulligan,_,2,3,2,0,0,0,False,_ 2 3
Eng,_,_,_,0,0,0,0,False,_ _ _
Pancino,1,_,_,0,0,0,0,False,1 _ _
Pederson,1,2,_,0,0,0,0,False,1 2 _
Aguirre,1,2,_,1,0,0,0,False,1 2 _
Bosinger,_,2,3,2,0,0,0,False,_ 2 3
Dobson,_,_,_,0,0,0,0,False,_ _ _
Hassis,_,_,_,1,0,0,0,False,_ _ _
Reynoso,_,_,_,2,0,0,0,False,_ _ _
Richards,1,_,_,2,0,0,0,False,1 _ _
Melendez,_,_,_,0,0,0,0,False,_ _ _
Pancino,_,_,_,1,0,0,0,False,_ _ _
Pederson,1,_,_,1,0,0,0,False,1 _ _
Aguirre,1,2,_,1,0,0,0,False,1 2 _
Bosinger,1,2,_,2,0,0,0,False,1 2 _
Pederson,_,_,_,0,0,0,0,False,_ _ _
Aguirre,_,_,_,1,0,0,0,False,_ _ _
Bosinger,_,_,_,2,0,0,0,False,_ _ _
Williams,1,_,_,2,0,0,0,False,1 _ _
Hassis,1,2,_,2,0,0,0,False,1 2 _
Reynoso,_,_,_,0,0,0,0,False,_ _ _
Richards,_,_,_,1,0,0,0,False,_ _ _
Pancino,1,_,_,1,0,0,0,False,1 _ _
Eng,1,_,_,2,0,0,0,False,1 _ _
Pederson,_,_,_,0,0,0,0,False,_ _ _
Aguirre,_,_,_,1,0,0,0,False,_ _ _
Bosinger,_,_,_,2,0,0,0,False,_ _ _
Williams,_,_,_,0,0,0,0,False,_ _ _
Hassis,1,_,_,0,0,0,0,False,1 _ _
Reynoso,1,2,_,0,0,0,0,False,1 2 _
Richards,_,2,3,1,0,0,0,False,_ 2 3
Pancino,1,2,3,1,0,0,0,False,1 2 3
Dobson,1,2,3,2,0,0,0,False,1 2 3
Pederson,_,_,_,0,1,0,1,True,_ _ _
Aguirre,_,_,_,1,1,0,1,True,_ _ _
Bosinger,1,_,_,1,1,0,1,True,1 _ _
Williams,1,2,_,1,1,0,1,True,1 2 _
Hassis,1,2,3,1,1,0,1,True,1 2 3
Reynoso,1,2,_,2,1,1,0,False,1 2 _
Erickson,_,_,_,0,0,0,0,False,_ _ _
Pancino,_,_,_,1,0,0,0,False,_ _ _
Eng,_,_,_,2,0,0,0,False,_ _ _
Allen,1,_,_,2,0,0,0,False,1 _ _
Aguirre,_,_,_,0,0,0,0,False,_ _ _
Bosinger,_,_,_,1,0,0,0,False,_ _ _
Williams,_,_,_,2,0,0,0,False,_ _ _
Bosinger,_,_,_,0,1,0,1,True,_ _ _
Pederson,_,_,_,1,1,0,1,True,_ _ _
Aguirre,1,_,_,1,1,0,1,True,1 _ _
Williams,1,2,_,1,1,0,1,True,1 2 _
Pancino,_,_,_,0,0,0,0,False,_ _ _
Hassis,_,_,_,1,0,0,0,False,_ _ _
Reynoso,_,_,_,2,0,0,0,False,_ _ _
Mulligan,1,_,_,2,0,0,0,False,1 _ _
Eng,_,_,_,0,0,0,0,False,_ _ _
Bosinger,1,_,_,0,0,0,0,False,1 _ _
Pederson,_,2,_,1,0,0,0,False,_ 2 _
Aguirre,_,_,3,2,0,0,0,False,_ _ 3
Williams,_,_,_,0,1,0,1,True,_ _ _
Pancino,_,2,_,0,1,0,1,True,_ 2 _
Hassis,_,_,3,1,1,0,1,True,_ _ 3
Reynoso,1,_,_,1,1,1,0,False,1 _ _
Mulligan,1,2,_,1,1,1,0,False,1 2 _
Eng,1,2,_,2,1,1,0,False,1 2 _
Bosinger,_,_,_,0,0,0,0,False,_ _ _
Pederson,_,_,_,1,0,0,0,False,_ _ _
Aguirre,1,_,_,1,0,0,0,False,1 _ _
Williams,_,_,_,0,0,0,0,False,_ _ _
Pancino,_,_,_,1,0,0,0,False,_ _ _
Hassis,_,_,_,2,0,0,0,False,_ _ _
Reynoso,1,_,_,2,0,0,0,False,1 _ _
Adams,1,2,_,2,0,0,0,False,1 2 _
Eng,_,_,_,0,0,0,0,False,_ _ _
Bosinger,1,_,_,0,0,0,0,False,1 _ _
Pederson,_,2,_,1,0,0,0,False,_ 2 _
Aguirre,1,2,_,1,0,0,0,False,1 2 _
Williams,1,2,_,2,0,0,0,False,1 2 _
Bosinger,_,_,_,0,0,0,0,False,_ _ _
Eng,_,_,_,1,0,0,0,False,_ _ _
Heathcock,1,_,_,1,0,0,0,False,1 _ _
Williams,1,2,_,1,0,0,0,False,1 2 _
Real,_,2,3,2,0,0,0,False,_ 2 3
Aguirre,_,_,_,0,0,0,0,False,_ _ _
Hassis,_,_,_,1,0,0,0,False,_ _ _
Reynoso,_,_,_,2,0,0,0,False,_ _ _
Mulligan,1,_,_,2,0,0,0,False,1 _ _
Bosinger,_,_,_,0,0,0,0,False,_ _ _
Eng,_,_,_,1,0,0,0,False,_ _ _
Heathcock,1,_,_,1,0,0,0,False,1 _ _
Williams,_,2,_,2,0,0,0,False,_ 2 _
Real,_,_,_,0,0,0,0,False,_ _ _
Aguirre,1,_,_,0,0,0,0,False,1 _ _
Dobson,1,_,_,1,0,0,0,False,1 _ _
Reynoso,1,_,_,2,0,0,0,False,1 _ _
Pederson,1,2,_,2,0,0,0,False,1 2 _
Bosinger,1,2,3,2,0,0,0,False,1 2 3
Eng,_,_,_,0,0,0,0,False,_ _ _
Heathcock,_,_,_,1,0,0,0,False,_ _ _
Williams,1,_,_,1,0,0,0,False,1 _ _
Real,1,_,_,2,0,0,0,False,1 _ _
Aguirre,_,_,_,0,0,0,0,False,_ _ _
Hassis,_,_,_,1,0,0,0,False,_ _ _
Reynoso,1,_,_,1,0,0,0,False,1 _ _
Pederson,1,_,_,2,0,0,0,False,1 _ _
Bosinger,1,2,_,2,0,0,0,False,1 2 _
Eng,_,_,_,0,0,0,0,False,_ _ _
Melendez,1,_,_,0,0,0,0,False,1 _ _
Williams,_,2,_,1,0,0,0,False,_ 2 _
Richards,_,2,_,2,0,0,0,False,_ 2 _
Pederson,_,_,_,0,0,0,0,False,_ _ _
Eng,_,_,_,1,0,0,0,False,_ _ _
Aguirre,_,_,_,2,0,0,0,False,_ _ _
Bosinger,1,_,_,2,0,0,0,False,1 _ _
Reynoso,_,_,_,0,0,0,0,False,_ _ _
Williams,_,_,_,1,0,0,0,False,_ _ _
Real,_,_,_,2,0,0,0,False,_ _ _
Hassis,_,_,_,0,0,0,0,False,_ _ _
Pancino,_,_,_,1,0,0,0,False,_ _ _
Pederson,_,_,_,2,0,0,0,False,_ _ _
Eng,_,_,_,0,1,0,1,True,_ _ _
Aguirre,_,_,3,0,1,0,1,True,_ _ 3
Bosinger,_,2,3,0,1,1,0,False,_ 2 3
Reynoso,_,2,3,1,1,1,0,False,_ 2 3
Williams,_,2,3,1,1,1,0,False,_ 2 3
Real,_,2,3,2,1,1,0,False,_ 2 3
Hassis,_,_,_,0,3,0,3,True,_ _ _
Pancino,_,_,_,1,3,0,3,True,_ _ _
Mulligan,_,_,_,2,3,0,3,True,_ _ _
Eng,_,2,_,2,3,0,3,True,_ 2 _
Aguirre,_,2,3,2,3,0,3,True,_ 2 3
Bosinger,_,_,_,2,3,3,0,False,_ _ _
Reynoso,1,_,_,2,3,3,0,False,1 _ _
Dobson,_,_,_,0,0,0,0,False,_ _ _
Hassis,1,_,_,0,0,0,0,False,1 _ _
Erickson,_,2,_,1,0,0,0,False,_ 2 _
Mulligan,_,2,_,2,0,0,0,False,_ 2 _
Eng,_,_,_,0,2,0,2,True,_ _ _
Aguirre,_,2,_,0,2,0,2,True,_ 2 _
Bosinger,_,_,3,1,2,0,2,True,_ _ 3
Reynoso,_,2,3,1,2,0,2,True,_ 2 3
Dobson,1,2,3,1,2,0,2,True,1 2 3
Hassis,_,_,3,2,2,1,1,True,_ _ 3
Eng,_,_,_,0,0,0,0,False,_ _ _
Aguirre,_,_,_,1,0,0,0,False,_ _ _
Reynoso,1,_,_,1,0,0,0,False,1 _ _
Dobson,1,_,_,2,0,0,0,False,1 _ _
Bosinger,_,_,_,0,0,0,0,False,_ _ _
Demarse,1,_,_,0,0,0,0,False,1 _ _
Hassis,_,2,_,1,0,0,0,False,_ 2 _
Mulligan,_,2,_,2,0,0,0,False,_ 2 _
Eng,_,_,_,0,0,0,0,False,_ _ _
Aguirre,1,_,_,0,0,0,0,False,1 _ _
Reynoso,_,_,_,2,0,0,0,False,_ _ _
Dobson,1,_,_,2,0,0,0,False,1 _ _
Bosinger,1,2,_,2,0,0,0,False,1 2 _
Demarse,_,_,_,0,0,0,0,False,_ _ _
Hassis,_,_,_,1,0,0,0,False,_ _ _
Mulligan,_,_,_,0,0,0,0,False,_ _ _
Eng,_,_,_,1,0,0,0,False,_ _ _
Aguirre,_,_,_,2,0,0,0,False,_ _ _
Reynoso,_,_,_,0,0,0,0,False,_ _ _
Dobson,_,_,_,1,0,0,0,False,_ _ _
Bosinger,_,_,_,2,0,0,0,False,_ _ _
Heathcock,1,_,_,2,0,0,0,False,1 _ _
Real,_,_,_,0,0,0,0,False,_ _ _
Adams,_,_,_,1,0,0,0,False,_ _ _
Allen,_,_,_,2,0,0,0,False,_ _ _
Eng,_,_,_,0,0,0,0,False,_ _ _
Aguirre,_,_,_,1,0,0,0,False,_ _ _
Reynoso,_,_,_,2,0,0,0,False,_ _ _
Dobson,_,_,_,0,1,0,1,True,_ _ _
Bosinger,1,_,_,0,1,0,1,True,1 _ _
Heathcock,_,2,_,1,1,0,1,True,_ 2 _
Real,1,_,3,1,1,0,1,True,1 _ 3
Hassis,1,2,3,1,1,0,1,True,1 2 3
Mulligan,1,2,3,2,1,0,1,True,1 2 3
Eng,1,2,3,2,1,1,0,False,1 2 3
Aguirre,_,_,_,0,1,0,1,True,_ _ _
Reynoso,_,2,_,0,1,0,1,True,_ 2 _
Dobson,_,_,3,1,1,0,1,True,_ _ 3
Bosinger,_,_,_,2,1,1,0,False,_ _ _
Heathcock,_,_,_,0,2,0,2,True,_ _ _
Real,1,_,_,0,2,0,2,True,1 _ _
Hassis,1,_,3,0,2,0,2,True,1 _ 3
Mulligan,_,2,3,1,2,0,2,True,_ 2 3
Eng,1,2,3,1,2,0,2,True,1 2 3
Aguirre,_,2,3,2,2,1,1,True,_ 2 3
Reynoso,_,_,_,0,2,0,2,True,_ _ _
Dobson,_,_,_,1,2,0,2,True,_ _ _
Bosinger,_,_,_,2,2,0,2,True,_ _ _
Heathcock,1,_,_,2,2,0,2,True,1 _ _
Real,_,2,_,2,2,1,1,True,_ 2 _
Demarse,1,_,_,2,2,2,0,False,1 _ _
Mulligan,_,_,_,0,0,0,0,False,_ _ _
Pancino,_,_,_,1,0,0,0,False,_ _ _
Allen,_,2,_,1,0,0,0,False,_ 2 _
Adams,_,2,_,2,0,0,0,False,_ 2 _
Eng,_,_,_,0,0,0,0,False,_ _ _
Aguirre,_,_,_,1,0,0,0,False,_ _ _
Bosinger,_,_,_,2,0,0,0,False,_ _ _
Reynoso,_,_,_,0,0,0,0,False,_ _ _
Dobson,_,_,_,1,0,0,0,False,_ _ _
Heathcock,_,_,_,2,0,0,0,False,_ _ _
Real,1,_,_,2,0,0,0,False,1 _ _
Hassis,_,_,_,0,0,0,0,False,_ _ _
Mulligan,_,_,_,1,0,0,0,False,_ _ _
Eng,_,_,_,2,0,0,0,False,_ _ _
Aguirre,_,_,_,0,1,0,1,True,_ _ _
Bosinger,_,2,_,0,1,0,1,True,_ 2 _
Reynoso,_,_,3,1,1,0,1,True,_ _ 3
Dobson,1,_,_,1,1,1,0,False,1 _ _
Heathcock,1,_,_,2,1,1,0,False,1 _ _
Real,_,_,_,0,0,0,0,False,_ _ _
Hassis,_,_,_,1,0,0,0,False,_ _ _
Mulligan,_,_,_,2,0,0,0,False,_ _ _
Eng,_,_,_,0,0,0,0,False,_ _ _
Aguirre,1,_,_,0,0,0,0,False,1 _ _
Bosinger,_,2,_,1,0,0,0,False,_ 2 _
Reynoso,_,_,3,2,0,0,0,False,_ _ 3
Erickson,_,_,_,0,0,0,0,False,_ _ _
Heathcock,_,_,_,1,0,0,0,False,_ _ _
Real,_,_,_,2,0,0,0,False,_ _ _
Hassis,_,_,_,0,0,0,0,False,_ _ _
Demarse,_,_,_,1,0,0,0,False,_ _ _
Eng,1,_,_,1,0,0,0,False,1 _ _
Aguirre,_,2,_,2,0,0,0,False,_ 2 _
Bosinger,_,_,_,0,1,0,1,True,_ _ _
Reynoso,1,_,_,0,1,0,1,True,1 _ _
Dobson,1,2,_,0,1,0,1,True,1 2 _
Pancino,1,2,3,0,1,0,1,True,1 2 3
Eng,_,_,_,0,0,0,0,False,_ _ _
Aguirre,_,2,_,0,0,0,0,False,_ 2 _
Bosinger,_,_,3,1,0,0,0,False,_ _ 3
Reynoso,_,2,3,1,0,0,0,False,_ 2 3
Williams,_,2,3,2,0,0,0,False,_ 2 3
Real,_,_,_,0,1,0,1,True,_ _ _
Hassis,_,_,_,1,1,0,1,True,_ _ _
Pancino,1,_,_,1,1,0,1,True,1 _ _
Mulligan,_,2,_,2,1,0,1,True,_ 2 _
Eng,_,_,3,2,1,1,0,False,_ _ 3
Aguirre,_,2,3,2,1,1,0,False,_ 2 3
Bosinger,_,_,_,0,0,0,0,False,_ _ _
Reynoso,_,_,_,1,0,0,0,False,_ _ _
Williams,_,_,_,2,0,0,0,False,_ _ _
Real,_,_,_,0,0,0,0,False,_ _ _
Hassis,_,_,_,1,0,0,0,False,_ _ _
Pancino,_,_,_,2,0,0,0,False,_ _ _
Mulligan,1,_,_,2,0,0,0,False,1 _ _
Eng,1,2,_,2,0,0,0,False,1 2 _
Aguirre,_,_,_,0,0,0,0,False,_ _ _
Bosinger,_,_,_,1,0,0,0,False,_ _ _
Reynoso,_,2,_,1,0,0,0,False,_ 2 _
Williams,_,2,3,1,0,0,0,False,_ 2 3
Real,_,2,3,2,0,0,0,False,_ 2 3
Richards,_,_,_,0,1,0,1,True,_ _ _
Pancino,1,_,_,0,1,0,1,True,1 _ _
Pederson,1,2,_,0,1,0,1,True,1 2 _
Demarse,1,2,_,1,1,0,1,True,1 2 _
Aguirre,1,2,3,1,1,0,1,True,1 2 3
Bosinger,1,_,3,2,1,1,0,False,1 _ 3
Heathcock,_,_,_,0,1,0,1,True,_ _ _
Dobson,_,_,_,1,1,0,1,True,_ _ _
Real,_,_,_,2,1,0,1,True,_ _ _
Hassis,_,2,_,2,1,0,1,True,_ 2 _
Coberly,1,_,_,2,1,1,0,False,1 _ _
Eng,_,_,_,0,4,0,4,True,_ _ _
Aguirre,_,2,_,0,4,0,4,True,_ 2 _
Bosinger,1,_,_,0,4,1,3,True,1 _ _
Demarse,_,2,_,1,4,1,3,True,_ 2 _
Real,1,2,_,1,4,1,3,True,1 2 _
Dobson,1,2,3,1,4,1,3,True,1 2 3
Hassis,_,2,3,2,4,2,2,True,_ 2 3
Mulligan,1,2,3,2,4,2,2,True,1 2 3
Eng,_,_,_,0,3,0,3,True,_ _ _
Aguirre,_,2,_,0,3,0,3,True,_ 2 _
Bosinger,_,_,3,1,3,0,3,True,_ _ 3
Demarse,1,_,3,1,3,0,3,True,1 _ 3
Real,_,2,3,1,3,1,2,True,_ 2 3
Dobson,_,2,3,1,3,3,0,False,_ 2 3
Hassis,_,_,_,0,1,0,1,True,_ _ _
Mulligan,_,_,_,1,1,0,1,True,_ _ _
Eng,1,_,_,1,1,0,1,True,1 _ _
Aguirre,_,2,_,2,1,0,1,True,_ 2 _
Bosinger,_,2,_,2,1,1,0,False,_ 2 _
Demarse,_,_,_,0,0,0,0,False,_ _ _
Pederson,_,_,_,1,0,0,0,False,_ _ _
Heathcock,1,_,_,1,0,0,0,False,1 _ _
Richards,_,_,_,0,0,0,0,False,_ _ _
Adams,_,_,_,1,0,0,0,False,_ _ _
Eng,_,_,_,2,0,0,0,False,_ _ _
Aguirre,_,2,_,2,0,0,0,False,_ 2 _
Bosinger,_,_,_,0,0,0,0,False,_ _ _
Demarse,_,_,_,1,0,0,0,False,_ _ _
Pederson,_,_,_,2,0,0,0,False,_ _ _
Dobson,1,_,_,2,0,0,0,False,1 _ _
Erickson,_,_,_,0,0,0,0,False,_ _ _
Hassis,_,_,_,1,0,0,0,False,_ _ _
Mulligan,_,2,_,1,0,0,0,False,_ 2 _
Coberly,_,_,3,2,0,0,0,False,_ _ 3
Eng,_,_,_,0,1,0,1,True,_ _ _
Aguirre,_,_,_,1,1,0,1,True,_ _ _
Bosinger,_,_,_,2,1,0,1,True,_ _ _
Real,_,2,_,2,1,0,1,True,_ 2 _
Pederson,1,_,_,2,1,1,0,False,1 _ _
Heathcock,_,_,_,0,0,0,0,False,_ _ _
Hassis,_,_,_,1,0,0,0,False,_ _ _
Mulligan,_,_,_,0,0,0,0,False,_ _ _
Eng,1,_,_,0,0,0,0,False,1 _ _
Aguirre,_,2,_,1,0,0,0,False,_ 2 _
Bosinger,_,2,_,2,0,0,0,False,_ 2 _
Real,1,2,_,2,0,0,0,False,1 2 _
Pederson,_,_,_,0,0,0,0,False,_ _ _
Heathcock,1,_,_,0,0,0,0,False,1 _ _
Hassis,1,_,_,1,0,0,0,False,1 _ _
Richards,_,_,_,0,1,0,1,True,_ _ _
Eng,_,_,_,1,1,0,1,True,_ _ _
Aguirre,_,_,_,2,1,0,1,True,_ _ _
Bosinger,1,_,_,2,1,0,1,True,1 _ _
Real,1,2,_,2,1,0,1,True,1 2 _
Pederson,1,2,3,2,1,0,1,True,1 2 3
Reynoso,1,2,3,2,1,1,0,False,1 2 3
Eng,_,_,_,0,0,0,0,False,_ _ _
Pederson,_,2,_,0,0,0,0,False,_ 2 _
Aguirre,_,2,_,1,0,0,0,False,_ 2 _
Real,_,_,3,2,0,0,0,False,_ _ 3
Reynoso,_,_,_,0,0,0,0,False,_ _ _
Bosinger,1,_,_,0,0,0,0,False,1 _ _
Hassis,1,2,_,0,0,0,0,False,1 2 _
Mulligan,1,2,3,0,0,0,0,False,1 2 3
Eng,1,2,3,1,0,0,0,False,1 2 3
Pederson,_,_,_,0,0,0,0,False,_ _ _
Aguirre,_,_,_,1,0,0,0,False,_ _ _
Real,_,_,_,2,0,0,0,False,_ _ _
Reynoso,1,_,_,2,0,0,0,False,1 _ _
Bosinger,_,_,_,0,0,0,0,False,_ _ _
Hassis,_,_,_,1,0,0,0,False,_ _ _
Mulligan,_,_,_,0,3,0,3,True,_ _ _
Eng,_,_,_,1,3,0,3,True,_ _ _
Pederson,1,_,_,1,3,0,3,True,1 _ _
Aguirre,1,2,_,1,3,0,3,True,1 2 _
Real,1,2,_,1,3,1,2,True,1 2 _
Reynoso,1,2,_,2,3,1,2,True,1 2 _
Bosinger,1,2,3,2,3,1,2,True,1 2 3
Demarse,_,2,3,2,3,3,0,False,_ 2 3
Richards,_,_,_,0,0,0,0,False,_ _ _
Dobson,_,_,_,1,0,0,0,False,_ _ _
Eng,_,_,_,2,0,0,0,False,_ _ _
Pederson,_,_,_,0,1,0,1,True,_ _ _
Aguirre,_,2,_,0,1,0,1,True,_ 2 _
Real,_,_,3,1,1,0,1,True,_ _ 3
Eng,_,_,_,0,0,0,0,False,_ _ _
Pederson,_,_,_,1,0,0,0,False,_ _ _
Aguirre,_,2,_,1,0,0,0,False,_ 2 _
Bosinger,_,2,_,2,0,0,0,False,_ 2 _
Williams,_,_,_,0,0,0,0,False,_ _ _
Dobson,_,_,_,1,0,0,0,False,_ _ _
Hassis,_,_,_,2,0,0,0,False,_ _ _
Mulligan,_,_,_,0,0,0,0,False,_ _ _
Eng,_,_,_,1,0,0,0,False,_ _ _
Pederson,_,_,_,2,0,0,0,False,_ _ _
Aguirre,_,2,_,2,0,0,0,False,_ 2 _
Bosinger,_,_,_,0,0,0,0,False,_ _ _
Williams,_,_,_,1,0,0,0,False,_ _ _
Dobson,_,_,_,2,0,0,0,False,_ _ _
Hassis,1,_,_,2,0,0,0,False,1 _ _
Heathcock,1,_,3,2,0,0,0,False,1 _ 3
Demarse,_,_,_,0,0,0,0,False,_ _ _
Eng,_,_,_,1,0,0,0,False,_ _ _
Pederson,_,_,_,2,0,0,0,False,_ _ _
Aguirre,_,_,_,0,0,0,0,False,_ _ _
Bosinger,_,_,_,1,0,0,0,False,_ _ _
Real,1,_,_,1,0,0,0,False,1 _ _
Richards,1,_,_,2,0,0,0,False,1 _ _
Erickson,_,_,_,0,0,0,0,False,_ _ _
Reynoso,_,_,_,1,0,0,0,False,_ _ _
Demarse,1,_,_,1,0,0,0,False,1 _ _
Pancino,1,_,_,2,0,0,0,False,1 _ _
Pederson,1,2,_,2,0,0,0,False,1 2 _
Eng,_,_,_,0,0,0,0,False,_ _ _
Pederson,_,_,_,1,0,0,0,False,_ _ _
Aguirre,_,_,_,2,0,0,0,False,_ _ _
Bosinger,1,_,_,2,0,0,0,False,1 _ _
Real,_,2,3,2,0,0,0,False,_ 2 3
Reynoso,_,_,_,0,0,0,0,False,_ _ _
Pancino,_,_,_,1,0,0,0,False,_ _ _
Williams,_,_,_,2,0,0,0,False,_ _ _
Mulligan,_,_,_,0,0,0,0,False,_ _ _
Eng,_,_,_,1,0,0,0,False,_ _ _
Pederson,_,_,_,2,0,0,0,False,_ _ _
Aguirre,_,2,_,2,0,0,0,False,_ 2 _
Bosinger,_,_,_,0,0,0,0,False,_ _ _
Real,1,_,_,0,0,0,0,False,1 _ _
Reynoso,1,_,_,1,0,0,0,False,1 _ _
Pancino,1,_,_,2,0,0,0,False,1 _ _
Williams,_,_,_,0,1,0,1,True,_ _ _
Mulligan,_,_,_,0,1,1,0,False,_ _ _
Eng,_,_,_,1,1,1,0,False,_ _ _
Pederson,_,_,_,2,1,1,0,False,_ _ _
Aguirre,1,_,_,2,1,1,0,False,1 _ _
Bosinger,_,_,_,0,0,0,0,False,_ _ _
Real,_,_,_,1,0,0,0,False,_ _ _
Reynoso,_,_,_,2,0,0,0,False,_ _ _
Demarse,_,_,_,0,0,0,0,False,_ _ _
Williams,1,_,_,0,0,0,0,False,1 _ _
Richards,1,_,_,1,0,0,0,False,1 _ _
Heathcock,1,_,_,2,0,0,0,False,1 _ _
Pederson,1,2,_,2,0,0,0,False,1 2 _
Eng,_,_,_,0,0,0,0,False,_ _ _
Pederson,_,_,_,1,0,0,0,False,_ _ _
Bosinger,_,2,_,1,0,0,0,False,_ 2 _
Aguirre,_,_,3,2,0,0,0,False,_ _ 3
Real,_,_,_,0,0,0,0,False,_ _ _
Reynoso,_,_,_,1,0,0,0,False,_ _ _
Hassis,_,_,_,2,0,0,0,False,_ _ _
Demarse,1,_,_,2,0,0,0,False,1 _ _
Mulligan,1,2,_,2,0,0,0,False,1 2 _
Eng,_,_,_,0,0,0,0,False,_ _ _
Pederson,_,2,_,0,0,0,0,False,_ 2 _
Bosinger,_,2,_,1,0,0,0,False,_ 2 _
Aguirre,_,_,3,2,0,0,0,False,_ _ 3
Real,_,_,_,0,0,0,0,False,_ _ _
Reynoso,_,2,_,0,0,0,0,False,_ 2 _
Hassis,_,2,_,1,0,0,0,False,_ 2 _
Demarse,_,_,3,2,0,0,0,False,_ _ 3
Mulligan,_,_,_,0,1,0,1,True,_ _ _
Eng,1,_,_,0,1,0,1,True,1 _ _
Pederson,_,_,3,0,1,1,0,False,_ _ 3
Bosinger,_,2,3,0,1,1,0,False,_ 2 3
Aguirre,_,_,3,1,1,1,0,False,_ _ 3
Real,_,_,_,0,3,0,3,True,_ _ _
Reynoso,_,_,_,1,3,0,3,True,_ _ _
Hassis,1,_,_,1,3,0,3,True,1 _ _
Demarse,1,2,_,1,3,0,3,True,1 2 _
Richards,_,_,_,1,3,3,0,False,_ _ _
Eng,_,_,_,2,3,3,0,False,_ _ _
Pederson,_,_,_,0,0,0,0,False,_ _ _
Bosinger,_,_,_,1,0,0,0,False,_ _ _
Williams,1,_,_,1,0,0,0,False,1 _ _
Real,_,2,_,2,0,0,0,False,_ 2 _
Eng,_,_,_,0,0,0,0,False,_ _ _
Pederson,_,_,_,1,0,0,0,False,_ _ _
Bosinger,_,_,_,2,0,0,0,False,_ _ _
Aguirre,1,_,_,2,0,0,0,False,1 _ _
Real,_,_,_,0,0,0,0,False,_ _ _
Reynoso,1,_,_,0,0,0,0,False,1 _ _
Hassis,_,2,_,1,0,0,0,False,_ 2 _
Williams,1,_,3,1,0,0,0,False,1 _ 3
Mulligan,1,_,3,2,0,0,0,False,1 _ 3
Eng,_,_,_,0,0,0,0,False,_ _ _
Pancino,_,_,_,1,0,0,0,False,_ _ _
Bosinger,_,_,_,2,0,0,0,False,_ _ _
Aguirre,_,_,_,0,0,0,0,False,_ _ _
Real,_,_,_,1,0,0,0,False,_ _ _
Reynoso,_,_,_,2,0,0,0,False,_ _ _
Hassis,1,_,_,2,0,0,0,False,1 _ _
Williams,_,_,_,0,0,0,0,False,_ _ _
Mulligan,_,_,_,1,0,0,0,False,_ _ _
Eng,_,_,_,2,0,0,0,False,_ _ _
Heathcock,_,_,_,0,0,0,0,False,_ _ _
Bosinger,_,_,_,1,0,0,0,False,_ _ _
Aguirre,1,_,_,1,0,0,0,False,1 _ _
Real,1,_,_,2,0,0,0,False,1 _ _
Reynoso,_,_,_,0,0,0,0,False,_ _ _
Hassis,_,_,_,1,0,0,0,False,_ _ _
Williams,1,_,_,1,0,0,0,False,1 _ _
Richards,1,_,3,1,0,0,0,False,1 _ 3
Eng,1,_,3,2,0,0,0,False,1 _ 3
Eng,_,_,_,0,0,0,0,False,_ _ _
Real,_,_,_,1,0,0,0,False,_ _ _
Bosinger,_,_,_,2,0,0,0,False,_ _ _
Aguirre,_,_,_,0,0,0,0,False,_ _ _
Hassis,_,_,_,1,0,0,0,False,_ _ _
Reynoso,_,_,_,2,0,0,0,False,_ _ _
Williams,1,_,_,2,0,0,0,False,1 _ _
Melendez,_,_,_,0,0,0,0,False,_ _ _
Mulligan,_,_,_,1,0,0,0,False,_ _ _
Eng,_,_,_,2,0,0,0,False,_ _ _
Real,_,_,_,0,0,0,0,False,_ _ _
Bosinger,_,_,_,1,0,0,0,False,_ _ _
Aguirre,_,_,_,2,0,0,0,False,_ _ _
Hassis,_,_,_,0,0,0,0,False,_ _ _
Reynoso,_,_,_,1,0,0,0,False,_ _ _
Williams,_,_,_,2,0,0,0,False,_ _ _
Melendez,_,_,_,0,0,0,0,False,_ _ _
Richards,_,_,_,1,0,0,0,False,_ _ _
Eng,_,_,_,2,0,0,0,False,_ _ _
Dobson,_,_,_,0,0,0,0,False,_ _ _
Bosinger,_,_,_,1,0,0,0,False,_ _ _
Aguirre,_,_,_,2,0,0,0,False,_ _ _
Bosinger,_,_,_,0,0,0,0,False,_ _ _
Hassis,1,_,_,0,0,0,0,False,1 _ _
Aguirre,1,_,_,1,0,0,0,False,1 _ _
Reynoso,1,_,_,2,0,0,0,False,1 _ _
Real,_,_,_,0,0,0,0,False,_ _ _
Demarse,_,_,_,1,0,0,0,False,_ _ _
Richards,_,_,_,2,0,0,0,False,_ _ _
Melendez,_,_,_,0,1,0,1,True,_ _ _
Mulligan,1,_,_,0,1,0,1,True,1 _ _
Bosinger,_,2,_,1,1,0,1,True,_ 2 _
Hassis,_,2,_,2,1,0,1,True,_ 2 _
Aguirre,_,2,_,2,1,1,0,False,_ 2 _
Reynoso,_,_,_,0,0,0,0,False,_ _ _
Real,_,_,_,1,0,0,0,False,_ _ _
Demarse,_,_,_,2,0,0,0,False,_ _ _
Richards,1,_,_,2,0,0,0,False,1 _ _
Melendez,_,_,_,0,0,0,0,False,_ _ _
Erickson,_,_,_,1,0,0,0,False,_ _ _
Bosinger,_,_,_,2,0,0,0,False,_ _ _
Hassis,_,_,_,0,0,0,0,False,_ _ _
Aguirre,_,_,_,1,0,0,0,False,_ _ _
Eng,_,_,_,0,0,0,0,False,_ _ _
Hassis,1,_,_,0,0,0,0,False,1 _ _
Bosinger,1,2,_,0,0,0,0,False,1 2 _
Aguirre,1,2,_,1,0,0,0,False,1 2 _
Reynoso,1,2,_,2,0,0,0,False,1 2 _
Real,_,_,_,0,0,0,0,False,_ _ _
Williams,1,_,_,0,0,0,0,False,1 _ _
Melendez,1,_,_,1,0,0,0,False,1 _ _
Mulligan,1,_,_,2,0,0,0,False,1 _ _
Eng,_,_,_,0,0,0,0,False,_ _ _
Hassis,_,_,_,1,0,0,0,False,_ _ _
Bosinger,_,_,_,2,0,0,0,False,_ _ _
Aguirre,_,_,_,0,0,0,0,False,_ _ _
Reynoso,1,_,_,0,0,0,0,False,1 _ _
Real,_,2,_,1,0,0,0,False,_ 2 _
Williams,1,_,3,1,0,0,0,False,1 _ 3
Melendez,_,2,3,2,0,0,0,False,_ 2 3
Mulligan,_,_,_,0,0,0,0,False,_ _ _
Eng,_,_,_,1,0,0,0,False,_ _ _
Hassis,_,_,_,2,0,0,0,False,_ _ _
Bosinger,_,_,_,0,1,0,1,True,_ _ _
Aguirre,_,_,_,1,1,0,1,True,_ _ _
Reynoso,1,_,_,1,1,0,1,True,1 _ _
Real,1,2,_,1,1,0,1,True,1 2 _
Williams,1,2,3,1,1,0,1,True,1 2 3
Richards,_,2,3,2,1,1,0,False,_ 2 3
Mulligan,_,_,_,0,1,0,1,True,_ _ _
Eng,_,_,_,1,1,0,1,True,_ _ _
Hassis,_,2,_,1,1,0,1,True,_ 2 _
Bosinger,_,2,_,2,1,0,1,True,_ 2 _
Aguirre,_,2,_,2,1,1,0,False,_ 2 _
Eng,_,_,_,0,0,0,0,False,_ _ _
Hassis,_,_,_,1,0,0,0,False,_ _ _
Bosinger,_,_,_,2,0,0,0,False,_ _ _
Aguirre,_,_,_,0,0,0,0,False,_ _ _
Real,_,_,_,1,0,0,0,False,_ _ _
Reynoso,_,_,_,2,0,0,0,False,_ _ _
Williams,_,_,_,0,0,0,0,False,_ _ _
Demarse,_,_,_,1,0,0,0,False,_ _ _
Mulligan,1,_,_,1,0,0,0,False,1 _ _
Eng,1,_,_,2,0,0,0,False,1 _ _
Hassis,_,_,_,0,0,0,0,False,_ _ _
Bosinger,_,_,_,1,0,0,0,False,_ _ _
Aguirre,1,_,_,1,0,0,0,False,1 _ _
Real,1,2,_,1,0,0,0,False,1 2 _
Reynoso,1,2,3,1,0,0,0,False,1 2 3
Richards,1,2,3,2,0,0,0,False,1 2 3
Demarse,_,_,_,0,0,0,0,False,_ _ _
Mulligan,_,_,_,1,0,0,0,False,_ _ _
Eng,_,_,_,2,0,0,0,False,_ _ _
Hassis,_,_,_,0,0,0,0,False,_ _ _
Bosinger,_,_,_,1,0,0,0,False,_ _ _
Aguirre,_,_,_,2,0,0,0,False,_ _ _
Real,_,_,_,0,0,0,0,False,_ _ _
Reynoso,1,_,_,0,0,0,0,False,1 _ _
Dobson,_,_,_,2,0,0,0,False,_ _ _
Demarse,1,_,_,2,0,0,0,False,1 _ _
Eng,_,_,_,0,0,0,0,False,_ _ _
Hassis,_,_,_,1,0,0,0,False,_ _ _
Bosinger,_,_,_,2,0,0,0,False,_ _ _
Aguirre,_,_,_,0,0,0,0,False,_ _ _
Real,_,_,_,1,0,0,0,False,_ _ _
Reynoso,1,_,_,1,0,0,0,False,1 _ _
Dobson,1,2,_,1,0,0,0,False,1 2 _
Demarse,1,2,_,2,0,0,0,False,1 2 _
Mulligan,_,_,_,0,2,0,2,True,_ _ _
Eng,_,_,_,1,2,0,2,True,_ _ _
Hassis,1,_,_,1,2,0,2,True,1 _ _
Bosinger,_,2,_,2,2,0,2,True,_ 2 _
Aguirre,1,2,_,2,2,0,2,True,1 2 _
Real,_,2,_,2,2,2,0,False,_ 2 _
Reynoso,_,_,_,0,0,0,0,False,_ _ _
Dobson,_,_,_,1,0,0,0,False,_ _ _
Demarse,_,_,_,2,0,0,0,False,_ _ _
Mulligan,_,_,_,0,0,0,0,False,_ _ _
Eng,_,_,_,1,0,0,0,False,_ _ _
Erickson,1,_,_,1,0,0,0,False,1 _ _
Bosinger,_,_,_,0,0,0,0,False,_ _ _
Aguirre,_,_,_,1,0,0,0,False,_ _ _
Real,_,_,_,2,0,0,0,False,_ _ _
Reynoso,_,_,_,0,0,0,0,False,_ _ _
Dobson,_,_,_,1,0,0,0,False,_ _ _
Demarse,_,_,_,2,0,0,0,False,_ _ _
Eng,_,_,_,0,0,0,0,False,_ _ _
Hassis,_,_,_,1,0,0,0,False,_ _ _
Bosinger,_,_,_,2,0,0,0,False,_ _ _
Aguirre,_,_,_,0,0,0,0,False,_ _ _
Real,_,_,_,1,0,0,0,False,_ _ _
Reynoso,_,_,_,2,0,0,0,False,_ _ _
Demarse,_,_,_,0,0,0,0,False,_ _ _
Erickson,_,_,_,1,0,0,0,False,_ _ _
Mulligan,_,_,_,2,0,0,0,False,_ _ _
Eng,_,_,_,0,0,0,0,False,_ _ _
Hassis,_,_,_,1,0,0,0,False,_ _ _
Bosinger,1,_,_,1,0,0,0,False,1 _ _
Aguirre,1,2,_,1,0,0,0,False,1 2 _
Real,_,2,3,2,0,0,0,False,_ 2 3
Reynoso,_,_,_,0,0,0,0,False,_ _ _
Demarse,_,_,_,1,0,0,0,False,_ _ _
Erickson,_,_,_,2,0,0,0,False,_ _ _
Mulligan,_,_,_,0,0,0,0,False,_ _ _
Eng,1,_,_,0,0,0,0,False,1 _ _
Hassis,_,2,_,1,0,0,0,False,_ 2 _
Bosinger,_,2,_,2,0,0,0,False,_ 2 _
Aguirre,_,_,_,0,0,0,0,False,_ _ _
Real,_,_,_,1,0,0,0,False,_ _ _
Eng,_,_,_,0,0,0,0,False,_ _ _
Hassis,_,_,_,1,0,0,0,False,_ _ _
Bosinger,1,_,_,1,0,0,0,False,1 _ _
Aguirre,_,2,_,2,0,0,0,False,_ 2 _
Real,_,_,_,0,0,0,0,False,_ _ _
Reynoso,_,_,_,1,0,0,0,False,_ _ _
Williams,_,_,_,2,0,0,0,False,_ _ _
Pancino,_,_,_,0,0,0,0,False,_ _ _
Mulligan,_,_,_,1,0,0,0,False,_ _ _
Eng,1,_,_,1,0,0,0,False,1 _ _
Hassis,_,2,3,1,0,0,0,False,_ 2 3
Bosinger,1,2,3,1,0,0,0,False,1 2 3
Aguirre,1,2,3,2,0,0,0,False,1 2 3
Real,_,_,_,0,0,0,0,False,_ _ _
Reynoso,_,_,_,1,0,0,0,False,_ _ _
Williams,1,_,_,1,0,0,0,False,1 _ _
Erickson,_,2,_,2,0,0,0,False,_ 2 _
Mulligan,_,_,_,0,0,0,0,False,_ _ _
Eng,_,_,_,1,0,0,0,False,_ _ _
Hassis,1,_,_,1,0,0,0,False,1 _ _
Bosinger,1,2,_,1,0,0,0,False,1 2 _
Aguirre,_,2,3,2,0,0,0,False,_ 2 3
Real,_,_,_,0,0,0,0,False,_ _ _
Richards,_,_,_,1,0,0,0,False,_ _ _
Demarse,1,_,_,1,0,0,0,False,1 _ _
Mulligan,1,2,_,1,0,0,0,False,1 2 _
Eng,1,2,3,1,0,0,0,False,1 2 3
Hassis,_,_,_,0,0,0,0,False,_ _ _
Bosinger,_,_,_,1,0,0,0,False,_ _ _
Aguirre,_,_,_,2,0,0,0,False,_ _ _
Real,1,_,_,2,0,0,0,False,1 _ _
Eng,_,_,_,0,0,0,0,False,_ _ _
Hassis,_,_,_,1,0,0,0,False,_ _ _
Bosinger,_,_,_,2,0,0,0,False,_ _ _
Aguirre,_,_,_,0,0,0,0,False,_ _ _
Real,_,_,_,1,0,0,0,False,_ _ _
Reynoso,1,_,_,1,0,0,0,False,1 _ _
Melendez,1,_,_,2,0,0,0,False,1 _ _
Williams,_,_,_,0,0,0,0,False,_ _ _
Mulligan,1,_,_,0,0,0,0,False,1 _ _
Eng,1,2,_,0,0,0,0,False,1 2 _
Hassis,1,2,_,1,0,0,0,False,1 2 _
Bosinger,1,2,_,2,0,0,0,False,1 2 _
Aguirre,1,2,3,2,0,0,0,False,1 2 3
Real,_,_,_,0,0,0,0,False,_ _ _
Reynoso,_,_,_,1,0,0,0,False,_ _ _
Melendez,_,_,_,2,0,0,0,False,_ _ _
Williams,1,_,_,2,0,0,0,False,1 _ _
Mulligan,_,_,_,0,0,0,0,False,_ _ _
Eng,_,_,_,1,0,0,0,False,_ _ _
Hassis,_,_,_,2,0,0,0,False,_ _ _
Bosinger,_,_,_,0,0,0,0,False,_ _ _
Aguirre,_,_,_,1,0,0,0,False,_ _ _
Real,_,_,_,2,0,0,0,False,_ _ _
Adams,_,_,_,0,0,0,0,False,_ _ _
Melendez,_,_,_,1,0,0,0,False,_ _ _
Williams,_,_,_,2,0,0,0,False,_ _ _
Eng,_,_,_,0,2,0,2,True,_ _ _
Hassis,1,_,_,0,2,0,2,True,1 _ _
Bosinger,1,2,_,0,2,0,2,True,1 2 _
Aguirre,_,2,3,1,2,0,2,True,_ 2 3
Reynoso,_,2,3,1,2,1,1,True,_ 2 3
Real,_,2,3,1,2,2,0,False,_ 2 3
Richards,_,2,3,2,2,2,0,False,_ 2 3
Melendez,_,_,_,0,0,0,0,False,_ _ _
Mulligan,1,_,_,0,0,0,0,False,1 _ _
Eng,1,_,_,1,0,0,0,False,1 _ _
Hassis,1,_,_,2,0,0,0,False,1 _ _
Bosinger,_,_,_,0,0,0,0,False,_ _ _
Aguirre,_,_,_,1,0,0,0,False,_ _ _
Reynoso,1,_,_,1,0,0,0,False,1 _ _
Real,_,_,_,0,0,0,0,False,_ _ _
Richards,1,_,_,0,0,0,0,False,1 _ _
Melendez,1,_,_,1,0,0,0,False,1 _ _
Mulligan,_,_,_,0,0,0,0,False,_ _ _
Eng,_,_,_,1,0,0,0,False,_ _ _
Hassis,_,_,_,2,0,0,0,False,_ _ _
Bosinger,_,_,_,0,0,0,0,False,_ _ _
Aguirre,_,_,_,1,0,0,0,False,_ _ _
Reynoso,_,_,_,2,0,0,0,False,_ _ _
Real,_,_,_,0,0,0,0,False,_ _ _
Richards,1,_,_,0,0,0,0,False,1 _ _
Melendez,_,2,_,1,0,0,0,False,_ 2 _
Mulligan,_,2,_,2,0,0,0,False,_ 2 _
Eng,1,_,3,2,0,0,0,False,1 _ 3
Eng,_,_,_,0,1,0,1,True,_ _ _
Hassis,1,_,_,0,1,0,1,True,1 _ _
Bosinger,_,_,3,1,1,0,1,True,_ _ 3
Aguirre,1,_,3,1,1,0,1,True,1 _ 3
Reynoso,1,_,3,2,1,0,1,True,1 _ 3
Real,_,2,3,2,1,0,1,True,_ 2 3
Williams,_,_,_,0,0,0,0,False,_ _ _
Melendez,_,_,_,1,0,0,0,False,_ _ _
Mulligan,_,_,_,2,0,0,0,False,_ _ _
Eng,_,_,3,2,0,0,0,False,_ _ 3
Hassis,_,_,_,0,0,0,0,False,_ _ _
Bosinger,1,_,_,0,0,0,0,False,1 _ _
Aguirre,_,2,_,1,0,0,0,False,_ 2 _
Reynoso,_,_,3,2,0,0,0,False,_ _ 3
Real,1,_,3,2,0,0,0,False,1 _ 3
Williams,_,_,_,0,0,0,0,False,_ _ _
Melendez,_,_,_,1,0,0,0,False,_ _ _
Mulligan,_,_,_,2,0,0,0,False,_ _ _
Eng,1,_,_,2,0,0,0,False,1 _ _
Hassis,1,2,_,2,0,0,0,False,1 2 _
Bosinger,_,_,_,0,0,0,0,False,_ _ _
Aguirre,_,_,_,1,0,0,0,False,_ _ _
Reynoso,_,_,_,2,0,0,0,False,_ _ _
Real,_,_,_,0,0,0,0,False,_ _ _
Williams,_,_,_,1,0,0,0,False,_ _ _
Demarse,_,_,_,2,0,0,0,False,_ _ _
Mulligan,_,_,_,0,0,0,0,False,_ _ _
Eng,1,_,_,0,0,0,0,False,1 _ _
Hassis,_,2,_,1,0,0,0,False,_ 2 _
Bosinger,_,2,_,2,0,0,0,False,_ 2 _
Eng,_,_,_,0,0,0,0,False,_ _ _
Hassis,1,_,_,0,0,0,0,False,1 _ _
Bosinger,1,_,_,1,0,0,0,False,1 _ _
Aguirre,_,_,3,2,0,0,0,False,_ _ 3
Reynoso,_,_,_,0,0,0,0,False,_ _ _
Real,_,_,_,1,0,0,0,False,_ _ _
Richards,_,_,_,2,0,0,0,False,_ _ _
Melendez,_,_,_,0,0,0,0,False,_ _ _
Mulligan,_,_,_,1,0,0,0,False,_ _ _
Eng,_,_,_,2,0,0,0,False,_ _ _
Hassis,_,_,_,0,0,0,0,False,_ _ _
Bosinger,_,_,_,1,0,0,0,False,_ _ _
Aguirre,1,_,_,1,0,0,0,False,1 _ _
Reynoso,1,2,_,1,0,0,0,False,1 2 _
Real,_,2,3,2,0,0,0,False,_ 2 3
Richards,_,_,_,0,1,0,1,True,_ _ _
Melendez,_,_,_,1,1,0,1,True,_ _ _
Mulligan,_,2,_,1,1,0,1,True,_ 2 _
Eng,1,_,_,1,1,1,0,False,1 _ _
Adams,1,2,_,1,1,1,0,False,1 2 _
Bosinger,1,_,3,2,1,1,0,False,1 _ 3
Aguirre,_,_,_,0,0,0,0,False,_ _ _
Reynoso,1,_,_,0,0,0,0,False,1 _ _
Real,1,2,_,0,0,0,0,False,1 2 _
Erickson,1,2,_,1,0,0,0,False,1 2 _
Melendez,1,2,_,2,0,0,0,False,1 2 _
Mulligan,_,_,_,0,2,0,2,True,_ _ _
Eng,1,_,_,0,2,0,2,True,1 _ _
Hassis,1,2,_,0,2,0,2,True,1 2 _
Bosinger,_,2,3,1,2,0,2,True,_ 2 3
Aguirre,1,_,3,1,2,2,0,False,1 _ 3
Reynoso,_,_,_,0,1,0,1,True,_ _ _
Real,1,_,_,0,1,0,1,True,1 _ _
Richards,_,2,_,1,1,0,1,True,_ 2 _
Melendez,_,2,_,1,1,1,0,False,_ 2 _
Mulligan,_,2,_,2,1,1,0,False,_ 2 _
Eng,_,_,_,0,1,0,1,True,_ _ _
Hassis,_,2,_,0,1,0,1,True,_ 2 _
Bosinger,_,2,3,0,1,0,1,True,_ 2 3
Aguirre,_,2,3,1,1,0,1,True,_ 2 3
Reynoso,_,_,3,2,1,1,0,False,_ _ 3
Real,_,_,_,0,0,0,0,False,_ _ _
Richards,_,_,_,1,0,0,0,False,_ _ _
Melendez,1,_,_,1,0,0,0,False,1 _ _
Mulligan,1,_,_,2,0,0,0,False,1 _ _
Eng,_,_,_,0,3,0,3,True,_ _ _
Hassis,1,_,_,0,3,0,3,True,1 _ _
Bosinger,1,2,_,0,3,0,3,True,1 2 _
Aguirre,_,2,3,1,3,0,3,True,_ 2 3
Reynoso,1,_,3,1,3,1,2,True,1 _ 3
Real,1,2,_,1,3,2,1,True,1 2 _
Richards,1,2,_,1,3,3,0,False,1 2 _
Melendez,_,_,_,0,0,0,0,False,_ _ _
Mulligan,_,_,_,1,0,0,0,False,_ _ _
Eng,_,_,_,2,0,0,0,False,_ _ _
Hassis,_,_,_,0,3,0,3,True,_ _ _
Bosinger,1,_,_,0,3,0,3,True,1 _ _
Aguirre,_,2,3,0,3,0,3,True,_ 2 3
Reynoso,_,2,_,0,3,2,1,True,_ 2 _
Real,_,_,3,1,3,2,1,True,_ _ 3
Richards,_,2,_,1,3,3,0,False,_ 2 _
Demarse,_,2,_,2,3,3,0,False,_ 2 _
Dobson,_,_,_,0,0,0,0,False,_ _ _
Erickson,1,_,_,0,0,0,0,False,1 _ _
Allen,1,_,_,1,0,0,0,False,1 _ _
Eng,_,_,_,0,0,0,0,False,_ _ _
Hassis,_,_,_,1,0,0,0,False,_ _ _
Bosinger,_,_,_,2,0,0,0,False,_ _ _
Aguirre,_,_,_,0,0,0,0,False,_ _ _
Real,_,2,_,0,0,0,0,False,_ 2 _
Demarse,_,2,_,1,0,0,0,False,_ 2 _
Richards,_,_,3,2,0,0,0,False,_ _ 3
Mulligan,_,_,_,0,0,0,0,False,_ _ _
Eng,_,_,_,1,0,0,0,False,_ _ _
Hassis,_,_,3,1,0,0,0,False,_ _ 3
Bosinger,_,_,_,0,0,0,0,False,_ _ _
Aguirre,_,_,_,1,0,0,0,False,_ _ _
Real,_,_,_,2,0,0,0,False,_ _ _
Demarse,_,2,_,2,0,0,0,False,_ 2 _
Richards,_,_,_,0,0,0,0,False,_ _ _
Mulligan,_,_,_,1,0,0,0,False,_ _ _
Eng,_,_,_,0,0,0,0,False,_ _ _
Hassis,_,_,_,1,0,0,0,False,_ _ _
Bosinger,_,_,_,2,0,0,0,False,_ _ _
Aguirre,_,_,_,0,0,0,0,False,_ _ _
Real,_,_,_,1,0,0,0,False,_ _ _
Demarse,_,2,_,1,0,0,0,False,_ 2 _
Reynoso,_,2,_,2,0,0,0,False,_ 2 _
Eng,_,_,_,0,0,0,0,False,_ _ _
Hassis,_,_,_,1,0,0,0,False,_ _ _
Bosinger,_,_,_,2,0,0,0,False,_ _ _
Aguirre,_,_,_,0,0,0,0,False,_ _ _
Real,_,_,_,1,0,0,0,False,_ _ _
Reynoso,1,_,_,1,0,0,0,False,1 _ _
Pancino,1,_,_,2,0,0,0,False,1 _ _
Mulligan,_,_,_,0,0,0,0,False,_ _ _
Eng,_,_,3,1,0,0,0,False,_ _ 3
Hassis,_,_,3,2,0,0,0,False,_ _ 3
Bosinger,_,_,_,0,1,0,1,True,_ _ _
Aguirre,1,_,_,0,1,0,1,True,1 _ _
Real,_,2,_,1,1,0,1,True,_ 2 _
Reynoso,1,_,_,1,1,1,0,False,1 _ _
Pancino,_,_,_,0,0,0,0,False,_ _ _
Mulligan,1,_,_,0,0,0,0,False,1 _ _
Eng,1,_,_,1,0,0,0,False,1 _ _
Hassis,_,2,3,1,0,0,0,False,_ 2 3
Bosinger,_,_,_,0,0,0,0,False,_ _ _
Aguirre,_,_,_,1,0,0,0,False,_ _ _
Real,_,_,_,2,0,0,0,False,_ _ _
Reynoso,_,_,_,0,0,0,0,False,_ _ _
Pancino,_,_,_,1,0,0,0,False,_ _ _
Dobson,_,_,3,2,0,0,0,False,_ _ 3
Eng,_,_,_,0,0,0,0,False,_ _ _
Hassis,_,_,_,1,0,0,0,False,_ _ _
Bosinger,_,_,_,2,0,0,0,False,_ _ _
Aguirre,_,_,_,0,0,0,0,False,_ _ _
Real,_,_,_,1,0,0,0,False,_ _ _
Reynoso,1,_,_,1,0,0,0,False,1 _ _
Richards,1,_,_,2,0,0,0,False,1 _ _
Demarse,_,_,_,0,2,0,2,True,_ _ _
Mulligan,_,_,_,1,2,0,2,True,_ _ _
Eng,_,_,_,2,2,0,2,True,_ _ _
Hassis,_,_,3,2,2,0,2,True,_ _ 3
Bosinger,_,2,3,2,2,0,2,True,_ 2 3
Aguirre,_,2,_,2,2,2,0,False,_ 2 _
Real,_,_,_,0,0,0,0,False,_ _ _
Reynoso,_,_,_,1,0,0,0,False,_ _ _
Richards,_,_,_,2,0,0,0,False,_ _ _
Demarse,_,_,_,0,0,0,0,False,_ _ _
Mulligan,_,_,_,1,0,0,0,False,_ _ _
Eng,_,_,_,2,0,0,0,False,_ _ _
Hassis,_,_,_,0,0,0,0,False,_ _ _
Bosinger,1,_,_,0,0,0,0,False,1 _ _
Aguirre,_,2,_,1,0,0,0,False,_ 2 _
Real,_,2,_,2,0,0,0,False,_ 2 _
Reynoso,_,_,_,0,0,0,0,False,_ _ _
Richards,1,_,_,0,0,0,0,False,1 _ _
Demarse,_,2,_,1,0,0,0,False,_ 2 _
Dobson,1,2,_,2,0,0,0,False,1 2 _
Eng,_,_,_,0,1,0,1,True,_ _ _
Hassis,1,_,_,0,1,0,1,True,1 _ _
Bosinger,1,_,3,0,1,0,1,True,1 _ 3
Aguirre,1,_,_,1,1,1,0,False,1 _ _
Real,1,_,_,2,1,1,0,False,1 _ _
Eng,_,_,_,0,0,0,0,False,_ _ _
Hassis,1,_,_,0,0,0,0,False,1 _ _
Bosinger,_,2,_,1,0,0,0,False,_ 2 _
Aguirre,1,2,_,1,0,0,0,False,1 2 _
Real,1,_,3,2,0,0,0,False,1 _ 3
Reynoso,_,_,_,0,0,0,0,False,_ _ _
Richards,_,_,_,1,0,0,0,False,_ _ _
Pancino,1,_,_,1,0,0,0,False,1 _ _
Mulligan,1,_,_,2,0,0,0,False,1 _ _
Eng,_,_,_,0,0,0,0,False,_ _ _
Hassis,_,_,_,1,0,0,0,False,_ _ _
Bosinger,_,_,_,2,0,0,0,False,_ _ _
Aguirre,1,_,_,2,0,0,0,False,1 _ _
Real,1,2,_,2,0,0,0,False,1 2 _
Reynoso,_,_,_,0,1,0,1,True,_ _ _
Richards,_,_,_,1,1,0,1,True,_ _ _
Pancino,1,_,_,1,1,0,1,True,1 _ _
Mulligan,1,_,_,2,1,0,1,True,1 _ _
Eng,1,2,_,2,1,0,1,True,1 2 _
Hassis,_,2,3,2,1,1,0,False,_ 2 3
Bosinger,_,_,_,0,1,0,1,True,_ _ _
Aguirre,_,_,_,1,1,0,1,True,_ _ _
Real,_,_,_,1,1,1,0,False,_ _ _
Reynoso,_,_,_,2,1,1,0,False,_ _ _
Richards,_,_,_,0,0,0,0,False,_ _ _
Pancino,_,_,_,1,0,0,0,False,_ _ _
Demarse,_,_,_,2,0,0,0,False,_ _ _
Eng,1,_,_,2,0,0,0,False,1 _ _
Hassis,_,_,_,0,0,0,0,False,_ _ _
Bosinger,_,_,_,1,0,0,0,False,_ _ _
Aguirre,1,_,_,1,0,0,0,False,1 _ _
Real,1,2,_,1,0,0,0,False,1 2 _
Reynoso,1,2,3,1,0,0,0,False,1 2 3
Eng,_,_,_,0,0,0,0,False,_ _ _
Hassis,_,2,_,0,0,0,0,False,_ 2 _
Bosinger,_,2,_,1,0,0,0,False,_ 2 _
Aguirre,_,2,_,2,0,0,0,False,_ 2 _
Real,_,_,_,0,0,0,0,False,_ _ _
Reynoso,1,_,_,0,0,0,0,False,1 _ _
Richards,1,_,_,1,0,0,0,False,1 _ _
Pancino,1,_,_,2,0,0,0,False,1 _ _
Mulligan,_,_,_,0,0,0,0,False,_ _ _
Eng,1,_,_,0,0,0,0,False,1 _ _
Hassis,1,_,_,1,0,0,0,False,1 _ _
Bosinger,1,_,_,2,0,0,0,False,1 _ _
Aguirre,_,_,_,0,0,0,0,False,_ _ _
Real,_,_,_,1,0,0,0,False,_ _ _
Reynoso,_,_,_,2,0,0,0,False,_ _ _
Richards,_,_,_,0,0,0,0,False,_ _ _
Demarse,_,_,_,1,0,0,0,False,_ _ _
Mulligan,1,_,_,1,0,0,0,False,1 _ _
Eng,_,2,_,2,0,0,0,False,_ 2 _
Hassis,_,_,_,0,0,0,0,False,_ _ _
Bosinger,1,_,_,0,0,0,0,False,1 _ _
Aguirre,_,_,3,1,0,0,0,False,_ _ 3
Real,_,_,3,2,0,0,0,False,_ _ 3
Reynoso,_,_,_,0,0,0,0,False,_ _ _
Richards,_,_,_,1,0,0,0,False,_ _ _
Demarse,1,_,_,1,0,0,0,False,1 _ _
Allen,1,_,_,2,0,0,0,False,1 _ _
Eng,_,_,_,0,0,0,0,False,_ _ _
Hassis,_,_,_,1,0,0,0,False,_ _ _
Bosinger,_,_,_,2,0,0,0,False,_ _ _
Aguirre,_,_,_,0,0,0,0,False,_ _ _
Reynoso,_,_,_,1,0,0,0,False,_ _ _
Real,_,_,_,2,0,0,0,False,_ _ _
Richards,_,_,_,0,0,0,0,False,_ _ _
Pancino,_,_,_,1,0,0,0,False,_ _ _
Mulligan,_,_,_,2,0,0,0,False,_ _ _
Eng,_,_,_,0,1,0,1,True,_ _ _
Hassis,1,_,_,0,1,0,1,True,1 _ _
Bosinger,_,2,_,1,1,0,1,True,_ 2 _
Aguirre,_,2,_,2,1,0,1,True,_ 2 _
Reynoso,_,2,_,2,1,1,0,False,_ 2 _
Real,_,_,_,0,0,0,0,False,_ _ _
Richards,_,_,_,1,0,0,0,False,_ _ _
Pancino,_,_,_,2,0,0,0,False,_ _ _
Mulligan,_,_,_,0,3,0,3,True,_ _ _
Eng,1,_,_,0,3,0,3,True,1 _ _
Hassis,1,2,_,0,3,0,3,True,1 2 _
Bosinger,1,2,_,1,3,0,3,True,1 2 _
Aguirre,1,_,3,2,3,0,3,True,1 _ 3
Reynoso,1,2,3,2,3,0,3,True,1 2 3
Dobson,_,2,_,2,3,3,0,False,_ 2 _
Richards,_,_,_,0,0,0,0,False,_ _ _
Demarse,_,_,_,1,0,0,0,False,_ _ _
Mulligan,_,_,_,2,0,0,0,False,_ _ _
Eng,_,_,_,0,0,0,0,False,_ _ _
Hassis,_,_,_,1,0,0,0,False,_ _ _
Bosinger,1,_,_,1,0,0,0,False,1 _ _
Aguirre,_,_,_,0,0,0,0,False,_ _ _
Reynoso,_,_,_,1,0,0,0,False,_ _ _
Real,_,_,_,2,0,0,0,False,_ _ _
Demarse,1,_,_,2,0,0,0,False,1 _ _
Erickson,_,_,_,0,0,0,0,False,_ _ _
Mulligan,1,_,_,0,0,0,0,False,1 _ _
Eng,1,_,_,1,0,0,0,False,1 _ _
Hassis,1,2,_,1,0,0,0,False,1 2 _
Bosinger,_,2,3,2,0,0,0,False,_ 2 3
Aguirre,_,_,_,0,1,0,1,True,_ _ _
Reynoso,1,_,_,0,1,0,1,True,1 _ _
Real,_,2,_,1,1,0,1,True,_ 2 _
Demarse,1,_,_,1,1,1,0,False,1 _ _
Erickson,1,_,_,2,1,1,0,False,1 _ _
Mulligan,1,2,_,2,1,1,0,False,1 2 _
Eng,_,_,_,0,0,0,0,False,_ _ _
Hassis,_,_,_,1,0,0,0,False,_ _ _
Bosinger,_,2,_,1,0,0,0,False,_ 2 _
Aguirre,_,2,_,2,0,0,0,False,_ 2 _
Reynoso,_,_,_,0,0,0,0,False,_ _ _
Real,_,_,_,1,0,0,0,False,_ _ _
Dobson,_,_,_,2,0,0,0,False,_ _ _
Erickson,_,_,_,0,0,0,0,False,_ _ _
Allen,_,_,_,1,0,0,0,False,_ _ _
Eng,_,_,_,2,0,0,0,False,_ _ _
Eng,_,_,_,0,0,0,0,False,_ _ _
Hassis,_,_,_,1,0,0,0,False,_ _ _
Bosinger,_,_,_,2,0,0,0,False,_ _ _
Aguirre,_,_,_,0,0,0,0,False,_ _ _
Reynoso,_,_,_,1,0,0,0,False,_ _ _
Real,_,_,_,2,0,0,0,False,_ _ _
Pancino,_,_,_,0,0,0,0,False,_ _ _
Erickson,_,_,_,1,0,0,0,False,_ _ _
Mulligan,_,_,_,2,0,0,0,False,_ _ _
Eng,_,_,_,0,0,0,0,False,_ _ _
Hassis,_,_,_,1,0,0,0,False,_ _ _
Bosinger,1,_,_,1,0,0,0,False,1 _ _
Aguirre,1,2,_,1,0,0,0,False,1 2 _
Reynoso,1,2,_,2,0,0,0,False,1 2 _
Real,_,_,_,0,0,0,0,False,_ _ _
Pancino,1,_,_,0,0,0,0,False,1 _ _
Erickson,1,_,_,1,0,0,0,False,1 _ _
Dobson,1,_,_,2,0,0,0,False,1 _ _
Eng,1,2,_,2,0,0,0,False,1 2 _
Hassis,_,_,_,0,0,0,0,False,_ _ _
Bosinger,_,_,_,1,0,0,0,False,_ _ _
Aguirre,_,_,_,2,0,0,0,False,_ _ _
Reynoso,_,_,_,0,0,0,0,False,_ _ _
Real,_,_,_,1,0,0,0,False,_ _ _
Demarse,_,_,_,2,0,0,0,False,_ _ _
Erickson,1,_,_,2,0,0,0,False,1 _ _
